{
  "HVIGOR_OHOS_PLUGIN": {
    "MODULES": [],
    "NATIVE_COMPILER": "Default"
  },
  "HVIGOR": {
    "IS_INCREMENTAL": true,
    "IS_DAEMON": true,
    "IS_PARALLEL": true,
    "IS_HVIGORFILE_TYPE_CHECK": false,
    "TASK_TIME": {},
    "APIS": [
      "getHvigorConfig",
      "getRootNodeDescriptor",
      "getChildNode",
      "getNodeByName",
      "getAllNodes",
      "getRootNode",
      "getNodeName",
      "getStartParams",
      "buildFinished"
    ],
    "CONFIG_PROPERTIES": {},
    "BUILD_ID": "202512041346535830",
    "ERROR_MESSAGE": [
      {
        "CODE": "00302037",
        "MESSAGE": "Failed to load or execute hvigorfile.ts: %s \nAt file: %s",
        "SOLUTIONS": [
          "Check whether the content of the hvigorfile.ts is correct.",
          "Set the stacktrace field in the hvigor-config.json5 file to true and check the stack information."
        ],
        "TIMESTAMP": "1764823614718"
      }
    ],
    "TOTAL_TIME": 1137725917
  }
}