{
  "version": "2.0",
  "ppid": 39630,
  "events": [
    {
      "head": {
        "id": "009514a0-5900-4763-91f3-c6b85cf34df8",
        "name": "watch worker: worker id should be larger than 0. Nothing will be sent to any worker thread.",
        "description": "",
        "type": "log"
      },
      "body": {
        "pid": 39631,
        "tid": "Main Thread",
        "startTime": 4926487555418708
      },
      "additional": {
        "logType": "debug",
        "children": []
      }
    },
    {
      "head": {
        "id": "47f467e9-8631-4071-bc7b-64ba57edae6a",
        "name": "init",
        "description": "Initialize and build task graph.",
        "type": "duration"
      },
      "body": {
        "pid": 39631,
        "tid": "Main Thread",
        "startTime": 4926487557884833
      },
      "additional": {
        "children": [
          "8a831cf0-fc17-4d68-ba3f-65b76b96cd99",
          "a5cb9ba6-b528-4bf1-8e7f-3b0f51698b70",
          "ece58110-8730-4171-9d95-e7eec6be7b37",
          "e3fb17e8-4cf0-4ba4-9292-a5401313e6a8",
          "cb77c563-d21e-4bf1-841a-3c9b87b68d64",
          "2a22eed0-9daa-4e90-a2c6-3e5f82a5d7b7"
        ],
        "state": "running",
        "targetName": "",
        "moduleName": "",
        "category": "Init",
        "taskRunReasons": []
      },
      "log": {
        "_logger": {
          "category": "DurationEvent",
          "context": {},
          "callStackSkipIndex": 0
        },
        "_filelogger": {
          "category": "debug-file",
          "context": {},
          "callStackSkipIndex": 0
        },
        "anonymizeFileLogger": {
          "fileLogger": {
            "category": "debug-file",
            "context": {},
            "callStackSkipIndex": 0
          }
        }
      }
    },
    {
      "head": {
        "id": "8a831cf0-fc17-4d68-ba3f-65b76b96cd99",
        "name": "create hvigor project model",
        "description": "Initialize hvigor project model.",
        "type": "duration"
      },
      "body": {
        "pid": 39631,
        "tid": "Main Thread",
        "startTime": 4926487557888500,
        "endTime": 4926487561720541
      },
      "additional": {
        "children": [],
        "state": "success",
        "targetName": "",
        "moduleName": "",
        "category": "",
        "taskRunReasons": [],
        "parent": "47f467e9-8631-4071-bc7b-64ba57edae6a",
        "logId": "614f6a49-bfca-43d1-81c4-35e5e9f1fb9a"
      },
      "log": {
        "_logger": {
          "category": "DurationEvent",
          "context": {},
          "callStackSkipIndex": 0
        },
        "_filelogger": {
          "category": "debug-file",
          "context": {},
          "callStackSkipIndex": 0
        },
        "anonymizeFileLogger": {
          "fileLogger": {
            "category": "debug-file",
            "context": {},
            "callStackSkipIndex": 0
          }
        }
      }
    },
    {
      "head": {
        "id": "a5cb9ba6-b528-4bf1-8e7f-3b0f51698b70",
        "name": "configure hvigor plugin",
        "description": "Configure hvigor plugin.",
        "type": "duration"
      },
      "body": {
        "pid": 39631,
        "tid": "Main Thread",
        "startTime": 4926487561735500
      },
      "additional": {
        "children": [
          "d794d827-1e30-4e94-baa3-29217af5a4a6",
          "0321c6f2-29d0-429a-90ad-83eb6b57d9b6",
          "abee67bf-906d-4427-a8f0-382249486371",
          "f9ab9d56-9036-4728-bd32-c6a8bd1cc10a",
          "c3ff7262-8749-4f5e-baa9-580fe484379b",
          "bd766981-b28c-4eb7-8b0a-6df5fd7881df",
          "e5df649f-d21b-4773-ad3e-ab05760df955",
          "81515fff-1dde-43a0-8a35-75f920b9b0d3"
        ],
        "state": "running",
        "targetName": "",
        "moduleName": "",
        "category": "",
        "taskRunReasons": [],
        "parent": "47f467e9-8631-4071-bc7b-64ba57edae6a"
      },
      "log": {
        "_logger": {
          "category": "DurationEvent",
          "context": {},
          "callStackSkipIndex": 0
        },
        "_filelogger": {
          "category": "debug-file",
          "context": {},
          "callStackSkipIndex": 0
        },
        "anonymizeFileLogger": {
          "fileLogger": {
            "category": "debug-file",
            "context": {},
            "callStackSkipIndex": 0
          }
        }
      }
    },
    {
      "head": {
        "id": "cb77c563-d21e-4bf1-841a-3c9b87b68d64",
        "name": "\"configEvaluated\" hook function",
        "description": "",
        "type": "duration"
      },
      "body": {
        "pid": 39631,
        "tid": "Main Thread",
        "startTime": 4926487559784541,
        "endTime": 4926487559903416
      },
      "additional": {
        "children": [],
        "state": "success",
        "targetName": "",
        "moduleName": "",
        "category": "",
        "taskRunReasons": [],
        "parent": "47f467e9-8631-4071-bc7b-64ba57edae6a",
        "logId": "d7dab76e-2bcd-4864-8ecb-332e71118a8c"
      },
      "log": {
        "_logger": {
          "category": "DurationEvent",
          "context": {},
          "callStackSkipIndex": 0
        },
        "_filelogger": {
          "category": "debug-file",
          "context": {},
          "callStackSkipIndex": 0
        },
        "anonymizeFileLogger": {
          "fileLogger": {
            "category": "debug-file",
            "context": {},
            "callStackSkipIndex": 0
          }
        }
      }
    },
    {
      "head": {
        "id": "d7dab76e-2bcd-4864-8ecb-332e71118a8c",
        "name": "\"configEvaluated\" hook function",
        "description": "",
        "type": "log"
      },
      "body": {
        "pid": 39631,
        "tid": "Main Thread",
        "startTime": 4926487559784541,
        "endTime": 4926487559903416
      },
      "additional": {
        "logType": "info",
        "children": [],
        "durationId": "cb77c563-d21e-4bf1-841a-3c9b87b68d64"
      }
    },
    {
      "head": {
        "id": "2a22eed0-9daa-4e90-a2c6-3e5f82a5d7b7",
        "name": "\"nodesInitialized\" hook function",
        "description": "",
        "type": "duration"
      },
      "body": {
        "pid": 39631,
        "tid": "Main Thread",
        "startTime": 4926487560701708,
        "endTime": 4926487560718833
      },
      "additional": {
        "children": [],
        "state": "success",
        "targetName": "",
        "moduleName": "",
        "category": "",
        "taskRunReasons": [],
        "parent": "47f467e9-8631-4071-bc7b-64ba57edae6a",
        "logId": "a2ba053e-0e57-474c-a49f-e0a24820aa54"
      },
      "log": {
        "_logger": {
          "category": "DurationEvent",
          "context": {},
          "callStackSkipIndex": 0
        },
        "_filelogger": {
          "category": "debug-file",
          "context": {},
          "callStackSkipIndex": 0
        },
        "anonymizeFileLogger": {
          "fileLogger": {
            "category": "debug-file",
            "context": {},
            "callStackSkipIndex": 0
          }
        }
      }
    },
    {
      "head": {
        "id": "a2ba053e-0e57-474c-a49f-e0a24820aa54",
        "name": "\"nodesInitialized\" hook function",
        "description": "",
        "type": "log"
      },
      "body": {
        "pid": 39631,
        "tid": "Main Thread",
        "startTime": 4926487560701708,
        "endTime": 4926487560718833
      },
      "additional": {
        "logType": "info",
        "children": [],
        "durationId": "2a22eed0-9daa-4e90-a2c6-3e5f82a5d7b7"
      }
    },
    {
      "head": {
        "id": "0d454dcd-0747-4ad1-b025-2c834056617b",
        "name": "Hvigor init with startParameters:{\n  hvigorfileTypeCheck: false,\n  parallelExecution: true,\n  incrementalExecution: true,\n  printStackTrace: false,\n  daemon: true,\n  analyze: 0,\n  logLevel: Level { level: 20000, levelStr: 'INFO', colour: 'green' },\n  optimizationStrategy: 'memory',\n  hotCompile: undefined,\n  hotReloadBuild: undefined\n}",
        "description": "",
        "type": "log"
      },
      "body": {
        "pid": 39631,
        "tid": "Main Thread",
        "startTime": 4926487561102875
      },
      "additional": {
        "logType": "debug",
        "children": []
      }
    },
    {
      "head": {
        "id": "852945a8-0db4-4f7a-b848-324b8abf3e99",
        "name": "Since current hvigor version 6.21.0 differs from last hvigor version \n      undefined, delete file-cache.json and task-cache.json.",
        "description": "",
        "type": "log"
      },
      "body": {
        "pid": 39631,
        "tid": "Main Thread",
        "startTime": 4926487561382041
      },
      "additional": {
        "logType": "debug",
        "children": []
      }
    },
    {
      "head": {
        "id": "32f18c53-c62c-4416-bf76-d571f9e17fba",
        "name": "Cache service initialization finished in 1 ms ",
        "description": "",
        "type": "log"
      },
      "body": {
        "pid": 39631,
        "tid": "Main Thread",
        "startTime": 4926487561673708
      },
      "additional": {
        "logType": "debug",
        "children": []
      }
    },
    {
      "head": {
        "id": "614f6a49-bfca-43d1-81c4-35e5e9f1fb9a",
        "name": "create hvigor project model",
        "description": "",
        "type": "log"
      },
      "body": {
        "pid": 39631,
        "tid": "Main Thread",
        "startTime": 4926487557888500,
        "endTime": 4926487561720541
      },
      "additional": {
        "logType": "info",
        "children": [],
        "durationId": "8a831cf0-fc17-4d68-ba3f-65b76b96cd99"
      }
    },
    {
      "head": {
        "id": "d794d827-1e30-4e94-baa3-29217af5a4a6",
        "name": "init configuration",
        "description": "Initialize configuration.",
        "type": "duration"
      },
      "body": {
        "pid": 39631,
        "tid": "Main Thread",
        "startTime": 4926487561997625,
        "endTime": 4926487562008541
      },
      "additional": {
        "children": [],
        "state": "success",
        "targetName": "",
        "moduleName": "",
        "category": "",
        "taskRunReasons": [],
        "parent": "a5cb9ba6-b528-4bf1-8e7f-3b0f51698b70",
        "logId": "244f2786-45e4-4497-a00e-a1042706e9b6"
      },
      "log": {
        "_logger": {
          "category": "DurationEvent",
          "context": {},
          "callStackSkipIndex": 0
        },
        "_filelogger": {
          "category": "debug-file",
          "context": {},
          "callStackSkipIndex": 0
        },
        "anonymizeFileLogger": {
          "fileLogger": {
            "category": "debug-file",
            "context": {},
            "callStackSkipIndex": 0
          }
        }
      }
    },
    {
      "head": {
        "id": "0321c6f2-29d0-429a-90ad-83eb6b57d9b6",
        "name": "configure project task",
        "description": "Configure project task.",
        "type": "duration"
      },
      "body": {
        "pid": 39631,
        "tid": "Main Thread",
        "startTime": 4926487562027625,
        "endTime": 4926487562659166
      },
      "additional": {
        "children": [],
        "state": "success",
        "targetName": "",
        "moduleName": "",
        "category": "",
        "taskRunReasons": [],
        "parent": "a5cb9ba6-b528-4bf1-8e7f-3b0f51698b70",
        "logId": "ec27d752-58fb-47a9-852f-0b7505ca44f1"
      },
      "log": {
        "_logger": {
          "category": "DurationEvent",
          "context": {},
          "callStackSkipIndex": 0
        },
        "_filelogger": {
          "category": "debug-file",
          "context": {},
          "callStackSkipIndex": 0
        },
        "anonymizeFileLogger": {
          "fileLogger": {
            "category": "debug-file",
            "context": {},
            "callStackSkipIndex": 0
          }
        }
      }
    },
    {
      "head": {
        "id": "abee67bf-906d-4427-a8f0-382249486371",
        "name": "eval project",
        "description": "Evaluate project.",
        "type": "duration"
      },
      "body": {
        "pid": 39631,
        "tid": "Main Thread",
        "startTime": 4926487562725916
      },
      "additional": {
        "children": [
          "f29ee3c8-22e5-4c4e-8aa3-5719f0f6e37c",
          "e27059c8-4853-42ce-93f3-0738c7c9b6e5"
        ],
        "state": "running",
        "targetName": "",
        "moduleName": "",
        "category": "",
        "taskRunReasons": [],
        "parent": "a5cb9ba6-b528-4bf1-8e7f-3b0f51698b70"
      },
      "log": {
        "_logger": {
          "category": "DurationEvent",
          "context": {},
          "callStackSkipIndex": 0
        },
        "_filelogger": {
          "category": "debug-file",
          "context": {},
          "callStackSkipIndex": 0
        },
        "anonymizeFileLogger": {
          "fileLogger": {
            "category": "debug-file",
            "context": {},
            "callStackSkipIndex": 0
          }
        }
      }
    },
    {
      "head": {
        "id": "244f2786-45e4-4497-a00e-a1042706e9b6",
        "name": "init configuration",
        "description": "",
        "type": "log"
      },
      "body": {
        "pid": 39631,
        "tid": "Main Thread",
        "startTime": 4926487561997625,
        "endTime": 4926487562008541
      },
      "additional": {
        "logType": "info",
        "children": [],
        "durationId": "d794d827-1e30-4e94-baa3-29217af5a4a6"
      }
    },
    {
      "head": {
        "id": "ec27d752-58fb-47a9-852f-0b7505ca44f1",
        "name": "configure project task",
        "description": "",
        "type": "log"
      },
      "body": {
        "pid": 39631,
        "tid": "Main Thread",
        "startTime": 4926487562027625,
        "endTime": 4926487562659166
      },
      "additional": {
        "logType": "info",
        "children": [],
        "durationId": "0321c6f2-29d0-429a-90ad-83eb6b57d9b6"
      }
    },
    {
      "head": {
        "id": "f29ee3c8-22e5-4c4e-8aa3-5719f0f6e37c",
        "name": "\"beforeNodeEvaluate\" hook function",
        "description": "",
        "type": "duration"
      },
      "body": {
        "pid": 39631,
        "tid": "Main Thread",
        "startTime": 4926487562839625,
        "endTime": 4926487562856375
      },
      "additional": {
        "children": [],
        "state": "success",
        "targetName": "",
        "moduleName": "",
        "category": "",
        "taskRunReasons": [],
        "parent": "abee67bf-906d-4427-a8f0-382249486371",
        "logId": "ebe756ac-2eb8-4263-bb35-31324a33f2d0"
      },
      "log": {
        "_logger": {
          "category": "DurationEvent",
          "context": {},
          "callStackSkipIndex": 0
        },
        "_filelogger": {
          "category": "debug-file",
          "context": {},
          "callStackSkipIndex": 0
        },
        "anonymizeFileLogger": {
          "fileLogger": {
            "category": "debug-file",
            "context": {},
            "callStackSkipIndex": 0
          }
        }
      }
    },
    {
      "head": {
        "id": "ebe756ac-2eb8-4263-bb35-31324a33f2d0",
        "name": "\"beforeNodeEvaluate\" hook function",
        "description": "",
        "type": "log"
      },
      "body": {
        "pid": 39631,
        "tid": "Main Thread",
        "startTime": 4926487562839625,
        "endTime": 4926487562856375
      },
      "additional": {
        "logType": "info",
        "children": [],
        "durationId": "f29ee3c8-22e5-4c4e-8aa3-5719f0f6e37c"
      }
    },
    {
      "head": {
        "id": "e27059c8-4853-42ce-93f3-0738c7c9b6e5",
        "name": "eval hvigorfile",
        "description": "Evaluate hvigorfile.",
        "type": "duration"
      },
      "body": {
        "pid": 39631,
        "tid": "Main Thread",
        "startTime": 4926487563026791
      },
      "additional": {
        "children": [
          "a2f8666b-436c-4865-916e-c1dc3ef788c4",
          "ac7ccf48-457b-418a-bc69-31d85c0b3afd"
        ],
        "state": "running",
        "targetName": "",
        "moduleName": "",
        "category": "",
        "taskRunReasons": [],
        "parent": "abee67bf-906d-4427-a8f0-382249486371"
      },
      "log": {
        "_logger": {
          "category": "DurationEvent",
          "context": {},
          "callStackSkipIndex": 0
        },
        "_filelogger": {
          "category": "debug-file",
          "context": {},
          "callStackSkipIndex": 0
        },
        "anonymizeFileLogger": {
          "fileLogger": {
            "category": "debug-file",
            "context": {},
            "callStackSkipIndex": 0
          }
        }
      }
    },
    {
      "head": {
        "id": "a2f8666b-436c-4865-916e-c1dc3ef788c4",
        "name": "require hvigorfile",
        "description": "Require hvigorfile.",
        "type": "duration"
      },
      "body": {
        "pid": 39631,
        "tid": "Main Thread",
        "startTime": 4926487563027458
      },
      "additional": {
        "children": [],
        "state": "running",
        "targetName": "",
        "moduleName": "",
        "category": "",
        "taskRunReasons": [],
        "parent": "e27059c8-4853-42ce-93f3-0738c7c9b6e5"
      },
      "log": {
        "_logger": {
          "category": "DurationEvent",
          "context": {},
          "callStackSkipIndex": 0
        },
        "_filelogger": {
          "category": "debug-file",
          "context": {},
          "callStackSkipIndex": 0
        },
        "anonymizeFileLogger": {
          "fileLogger": {
            "category": "debug-file",
            "context": {},
            "callStackSkipIndex": 0
          }
        }
      }
    },
    {
      "head": {
        "id": "27a6e1d1-a1fe-4df9-9074-215fb397fcb5",
        "name": "hvigorfile, resolving /Users/z/HarmonyOS-DrawingNote/hvigorfile.ts",
        "description": "",
        "type": "log"
      },
      "body": {
        "pid": 39631,
        "tid": "Main Thread",
        "startTime": 4926487563030500
      },
      "additional": {
        "logType": "debug",
        "children": []
      }
    },
    {
      "head": {
        "id": "5d88397f-9246-405a-b508-79691be3f6cc",
        "name": "hvigor build process will be closed with an error.",
        "description": "",
        "type": "log"
      },
      "body": {
        "pid": 39631,
        "tid": "Main Thread",
        "startTime": 4926488711737500
      },
      "additional": {
        "logType": "debug",
        "children": []
      }
    },
    {
      "head": {
        "id": "116cdcce-b2be-43ff-9bc6-e85c41ca58ce",
        "name": "\u001b[31m00302037 Script Error\nError Message: Failed to load or execute hvigorfile.ts: hvigor_ohos_plugin_1.HspDependencyConfig is not a constructor \nAt file: /Users/z/HarmonyOS-DrawingNote/hvigorfile.ts\n\n* Try the following:\n  > Check whether the content of the hvigorfile.ts is correct.\n  > Set the stacktrace field in the hvigor-config.json5 file to true and check the stack information.\n\u001b[39m\n\n\u001b[31m* Try:\n> Run with --stacktrace option to get the stack trace.\n> Run with --debug option to get more log output.\n",
        "description": "",
        "type": "log"
      },
      "body": {
        "pid": 39631,
        "tid": "Main Thread",
        "startTime": 4926488711880500
      },
      "additional": {
        "logType": "error",
        "children": []
      }
    },
    {
      "head": {
        "id": "21b1cb49-8e62-415e-be44-80b4f52aa487",
        "name": "ERROR: stacktrace = TypeError: hvigor_ohos_plugin_1.HspDependencyConfig is not a constructor\n    at Object.<anonymous> (/Users/z/HarmonyOS-DrawingNote/hvigorfile.ts:8:23)\n    at Module._compile (node:internal/modules/cjs/loader:1364:14)\n    at Object.extensionHandler (/Applications/DevEco-Studio.app/Contents/tools/hvigor/hvigor/src/base/boot/hooks/require-hook.js:1:1594)\n    at Module.load (node:internal/modules/cjs/loader:1203:32)\n    at Module._load (node:internal/modules/cjs/loader:1019:12)\n    at Module.require (node:internal/modules/cjs/loader:1231:19)\n    at require (node:internal/modules/helpers:177:18)\n    at evaluateNodeVigorFile (/Applications/DevEco-Studio.app/Contents/tools/hvigor/hvigor/src/base/internal/lifecycle/configuration.js:1:8718)\n    at evalProject (/Applications/DevEco-Studio.app/Contents/tools/hvigor/hvigor/src/base/internal/lifecycle/configuration.js:1:3542)\n    at process.processTicksAndRejections (node:internal/process/task_queues:95:5)",
        "description": "",
        "type": "log"
      },
      "body": {
        "pid": 39631,
        "tid": "Main Thread",
        "startTime": 4926488711990750
      },
      "additional": {
        "logType": "debug",
        "children": []
      }
    },
    {
      "head": {
        "id": "eb8dff5c-40df-4971-9ad8-6ab5f786571f",
        "name": "\"buildFinished\" hook function",
        "description": "",
        "type": "duration"
      },
      "body": {
        "pid": 39631,
        "tid": "Main Thread",
        "startTime": 4926488712560666,
        "endTime": 4926488712635583
      },
      "additional": {
        "children": [],
        "state": "success",
        "targetName": "",
        "moduleName": "",
        "category": "",
        "taskRunReasons": [],
        "parent": "8fc63efa-5272-4071-be14-867ca7856222",
        "logId": "a48f6748-1c2a-4b3f-a419-dcd5317d63a6"
      },
      "log": {
        "_logger": {
          "category": "DurationEvent",
          "context": {},
          "callStackSkipIndex": 0
        },
        "_filelogger": {
          "category": "debug-file",
          "context": {},
          "callStackSkipIndex": 0
        },
        "anonymizeFileLogger": {
          "fileLogger": {
            "category": "debug-file",
            "context": {},
            "callStackSkipIndex": 0
          }
        }
      }
    },
    {
      "head": {
        "id": "a48f6748-1c2a-4b3f-a419-dcd5317d63a6",
        "name": "\"buildFinished\" hook function",
        "description": "",
        "type": "log"
      },
      "body": {
        "pid": 39631,
        "tid": "Main Thread",
        "startTime": 4926488712560666,
        "endTime": 4926488712635583
      },
      "additional": {
        "logType": "info",
        "children": [],
        "durationId": "eb8dff5c-40df-4971-9ad8-6ab5f786571f"
      }
    },
    {
      "head": {
        "id": "e5052d42-0b02-4591-b4bb-c85ae3edf68f",
        "name": "",
        "description": "",
        "type": "mark"
      },
      "body": {
        "pid": 39631,
        "tid": "Main Thread",
        "startTime": 4926487557437750,
        "endTime": 4926488713046625
      },
      "additional": {
        "time": {
          "year": 2025,
          "month": 12,
          "day": 3,
          "hour": 23,
          "minute": 3,
          "second": 59
        },
        "completeCommand": "{\"prop\":[],\"daemon\":true,\"_\":[]};",
        "hvigorVersion": "6.21.0",
        "markType": "history",
        "nodeVersion": "v18.20.1",
        "category": "build",
        "state": "failed"
      }
    },
    {
      "head": {
        "id": "171c2606-3864-4a65-86aa-d2d6f3c2af40",
        "name": "BUILD FAILED in 1 s 156 ms ",
        "description": "",
        "type": "log"
      },
      "body": {
        "pid": 39631,
        "tid": "Main Thread",
        "startTime": 4926488713101916
      },
      "additional": {
        "logType": "error",
        "children": []
      }
    }
  ]
}