{
  "version": "2.0",
  "ppid": 51488,
  "events": [
    {
      "head": {
        "id": "14540eb7-e85a-40fa-9153-00d2896a6876",
        "name": "watch worker: worker id should be larger than 0. Nothing will be sent to any worker thread.",
        "description": "",
        "type": "log"
      },
      "body": {
        "pid": 51489,
        "tid": "Main Thread",
        "startTime": 4979463525896875
      },
      "additional": {
        "logType": "debug",
        "children": []
      }
    },
    {
      "head": {
        "id": "196448e4-672f-482d-a447-153930d70d47",
        "name": "init",
        "description": "Initialize and build task graph.",
        "type": "duration"
      },
      "body": {
        "pid": 51489,
        "tid": "Main Thread",
        "startTime": 4979463528345708
      },
      "additional": {
        "children": [
          "5d379917-0ab3-4e96-a9f8-886e4acb1226",
          "6f1fb541-5524-4b54-b694-f61099608c67",
          "906211e7-fd40-4f06-bc7d-746765d293fe",
          "81ef67f7-fe7b-4bdd-a057-5aae0cf43654",
          "e3d6424d-6690-462d-9989-4c2556187987",
          "dbd93503-f697-4942-959b-e4f7a413e3c8"
        ],
        "state": "running",
        "targetName": "",
        "moduleName": "",
        "category": "Init",
        "taskRunReasons": []
      },
      "log": {
        "_logger": {
          "category": "DurationEvent",
          "context": {},
          "callStackSkipIndex": 0
        },
        "_filelogger": {
          "category": "debug-file",
          "context": {},
          "callStackSkipIndex": 0
        },
        "anonymizeFileLogger": {
          "fileLogger": {
            "category": "debug-file",
            "context": {},
            "callStackSkipIndex": 0
          }
        }
      }
    },
    {
      "head": {
        "id": "5d379917-0ab3-4e96-a9f8-886e4acb1226",
        "name": "create hvigor project model",
        "description": "Initialize hvigor project model.",
        "type": "duration"
      },
      "body": {
        "pid": 51489,
        "tid": "Main Thread",
        "startTime": 4979463528348083,
        "endTime": 4979463535469958
      },
      "additional": {
        "children": [],
        "state": "success",
        "targetName": "",
        "moduleName": "",
        "category": "",
        "taskRunReasons": [],
        "parent": "196448e4-672f-482d-a447-153930d70d47",
        "logId": "94fca6ed-9548-4ce4-b2fb-e7167f4e4760"
      },
      "log": {
        "_logger": {
          "category": "DurationEvent",
          "context": {},
          "callStackSkipIndex": 0
        },
        "_filelogger": {
          "category": "debug-file",
          "context": {},
          "callStackSkipIndex": 0
        },
        "anonymizeFileLogger": {
          "fileLogger": {
            "category": "debug-file",
            "context": {},
            "callStackSkipIndex": 0
          }
        }
      }
    },
    {
      "head": {
        "id": "6f1fb541-5524-4b54-b694-f61099608c67",
        "name": "configure hvigor plugin",
        "description": "Configure hvigor plugin.",
        "type": "duration"
      },
      "body": {
        "pid": 51489,
        "tid": "Main Thread",
        "startTime": 4979463535484250
      },
      "additional": {
        "children": [
          "083dfd9b-24f7-4dad-b39f-4e3ca2d7bc5e",
          "a067b4e2-30c3-4e73-885a-4cfbd9fc336b",
          "88c94019-0642-412b-afd9-609acb9f6a6b",
          "d073012a-95e0-48fd-b8c6-a200e41f4d61",
          "52b9affa-b1da-4561-a7a0-79123a6a1d12",
          "3ab70036-2a8b-4d5d-a84d-6ab95b7221cb",
          "da526efa-48e8-48db-9f37-3c2883e74a10",
          "abe3657e-f91d-4bf0-b031-93754e494fed"
        ],
        "state": "running",
        "targetName": "",
        "moduleName": "",
        "category": "",
        "taskRunReasons": [],
        "parent": "196448e4-672f-482d-a447-153930d70d47"
      },
      "log": {
        "_logger": {
          "category": "DurationEvent",
          "context": {},
          "callStackSkipIndex": 0
        },
        "_filelogger": {
          "category": "debug-file",
          "context": {},
          "callStackSkipIndex": 0
        },
        "anonymizeFileLogger": {
          "fileLogger": {
            "category": "debug-file",
            "context": {},
            "callStackSkipIndex": 0
          }
        }
      }
    },
    {
      "head": {
        "id": "e3d6424d-6690-462d-9989-4c2556187987",
        "name": "\"configEvaluated\" hook function",
        "description": "",
        "type": "duration"
      },
      "body": {
        "pid": 51489,
        "tid": "Main Thread",
        "startTime": 4979463532732875,
        "endTime": 4979463532947375
      },
      "additional": {
        "children": [],
        "state": "success",
        "targetName": "",
        "moduleName": "",
        "category": "",
        "taskRunReasons": [],
        "parent": "196448e4-672f-482d-a447-153930d70d47",
        "logId": "f76130df-6e3b-4777-b925-c062b93a7bd7"
      },
      "log": {
        "_logger": {
          "category": "DurationEvent",
          "context": {},
          "callStackSkipIndex": 0
        },
        "_filelogger": {
          "category": "debug-file",
          "context": {},
          "callStackSkipIndex": 0
        },
        "anonymizeFileLogger": {
          "fileLogger": {
            "category": "debug-file",
            "context": {},
            "callStackSkipIndex": 0
          }
        }
      }
    },
    {
      "head": {
        "id": "f76130df-6e3b-4777-b925-c062b93a7bd7",
        "name": "\"configEvaluated\" hook function",
        "description": "",
        "type": "log"
      },
      "body": {
        "pid": 51489,
        "tid": "Main Thread",
        "startTime": 4979463532732875,
        "endTime": 4979463532947375
      },
      "additional": {
        "logType": "info",
        "children": [],
        "durationId": "e3d6424d-6690-462d-9989-4c2556187987"
      }
    },
    {
      "head": {
        "id": "dbd93503-f697-4942-959b-e4f7a413e3c8",
        "name": "\"nodesInitialized\" hook function",
        "description": "",
        "type": "duration"
      },
      "body": {
        "pid": 51489,
        "tid": "Main Thread",
        "startTime": 4979463533692708,
        "endTime": 4979463533709708
      },
      "additional": {
        "children": [],
        "state": "success",
        "targetName": "",
        "moduleName": "",
        "category": "",
        "taskRunReasons": [],
        "parent": "196448e4-672f-482d-a447-153930d70d47",
        "logId": "87f41a6f-6769-4230-9f4d-fd2b4c70aded"
      },
      "log": {
        "_logger": {
          "category": "DurationEvent",
          "context": {},
          "callStackSkipIndex": 0
        },
        "_filelogger": {
          "category": "debug-file",
          "context": {},
          "callStackSkipIndex": 0
        },
        "anonymizeFileLogger": {
          "fileLogger": {
            "category": "debug-file",
            "context": {},
            "callStackSkipIndex": 0
          }
        }
      }
    },
    {
      "head": {
        "id": "87f41a6f-6769-4230-9f4d-fd2b4c70aded",
        "name": "\"nodesInitialized\" hook function",
        "description": "",
        "type": "log"
      },
      "body": {
        "pid": 51489,
        "tid": "Main Thread",
        "startTime": 4979463533692708,
        "endTime": 4979463533709708
      },
      "additional": {
        "logType": "info",
        "children": [],
        "durationId": "dbd93503-f697-4942-959b-e4f7a413e3c8"
      }
    },
    {
      "head": {
        "id": "d84dbfad-ce8c-4f3b-a5b0-203322510f61",
        "name": "Hvigor init with startParameters:{\n  hvigorfileTypeCheck: false,\n  parallelExecution: true,\n  incrementalExecution: true,\n  printStackTrace: false,\n  daemon: true,\n  analyze: 0,\n  logLevel: Level { level: 20000, levelStr: 'INFO', colour: 'green' },\n  optimizationStrategy: 'memory',\n  hotCompile: undefined,\n  hotReloadBuild: undefined\n}",
        "description": "",
        "type": "log"
      },
      "body": {
        "pid": 51489,
        "tid": "Main Thread",
        "startTime": 4979463534090541
      },
      "additional": {
        "logType": "debug",
        "children": []
      }
    },
    {
      "head": {
        "id": "3e915252-89f6-4fa5-b55d-19139421fbd9",
        "name": "Since current hvigor version 6.21.0 differs from last hvigor version \n      undefined, delete file-cache.json and task-cache.json.",
        "description": "",
        "type": "log"
      },
      "body": {
        "pid": 51489,
        "tid": "Main Thread",
        "startTime": 4979463534467125
      },
      "additional": {
        "logType": "debug",
        "children": []
      }
    },
    {
      "head": {
        "id": "aa4ce7b3-13f5-420d-a2c2-76c88c9db071",
        "name": "Cache service initialization finished in 1 ms ",
        "description": "",
        "type": "log"
      },
      "body": {
        "pid": 51489,
        "tid": "Main Thread",
        "startTime": 4979463535415291
      },
      "additional": {
        "logType": "debug",
        "children": []
      }
    },
    {
      "head": {
        "id": "94fca6ed-9548-4ce4-b2fb-e7167f4e4760",
        "name": "create hvigor project model",
        "description": "",
        "type": "log"
      },
      "body": {
        "pid": 51489,
        "tid": "Main Thread",
        "startTime": 4979463528348083,
        "endTime": 4979463535469958
      },
      "additional": {
        "logType": "info",
        "children": [],
        "durationId": "5d379917-0ab3-4e96-a9f8-886e4acb1226"
      }
    },
    {
      "head": {
        "id": "083dfd9b-24f7-4dad-b39f-4e3ca2d7bc5e",
        "name": "init configuration",
        "description": "Initialize configuration.",
        "type": "duration"
      },
      "body": {
        "pid": 51489,
        "tid": "Main Thread",
        "startTime": 4979463535735291,
        "endTime": 4979463535746625
      },
      "additional": {
        "children": [],
        "state": "success",
        "targetName": "",
        "moduleName": "",
        "category": "",
        "taskRunReasons": [],
        "parent": "6f1fb541-5524-4b54-b694-f61099608c67",
        "logId": "ce37f976-00a3-40c9-87db-b8db164fca2d"
      },
      "log": {
        "_logger": {
          "category": "DurationEvent",
          "context": {},
          "callStackSkipIndex": 0
        },
        "_filelogger": {
          "category": "debug-file",
          "context": {},
          "callStackSkipIndex": 0
        },
        "anonymizeFileLogger": {
          "fileLogger": {
            "category": "debug-file",
            "context": {},
            "callStackSkipIndex": 0
          }
        }
      }
    },
    {
      "head": {
        "id": "a067b4e2-30c3-4e73-885a-4cfbd9fc336b",
        "name": "configure project task",
        "description": "Configure project task.",
        "type": "duration"
      },
      "body": {
        "pid": 51489,
        "tid": "Main Thread",
        "startTime": 4979463535765791,
        "endTime": 4979463536297958
      },
      "additional": {
        "children": [],
        "state": "success",
        "targetName": "",
        "moduleName": "",
        "category": "",
        "taskRunReasons": [],
        "parent": "6f1fb541-5524-4b54-b694-f61099608c67",
        "logId": "eaa8bc62-e7ad-4545-8305-3c44758b8f75"
      },
      "log": {
        "_logger": {
          "category": "DurationEvent",
          "context": {},
          "callStackSkipIndex": 0
        },
        "_filelogger": {
          "category": "debug-file",
          "context": {},
          "callStackSkipIndex": 0
        },
        "anonymizeFileLogger": {
          "fileLogger": {
            "category": "debug-file",
            "context": {},
            "callStackSkipIndex": 0
          }
        }
      }
    },
    {
      "head": {
        "id": "88c94019-0642-412b-afd9-609acb9f6a6b",
        "name": "eval project",
        "description": "Evaluate project.",
        "type": "duration"
      },
      "body": {
        "pid": 51489,
        "tid": "Main Thread",
        "startTime": 4979463536365083
      },
      "additional": {
        "children": [
          "3956b42d-bcdb-4806-bcdb-6d4f017ab171",
          "65d92e8c-12ac-4ed3-bf09-68aaf1f71aae"
        ],
        "state": "running",
        "targetName": "",
        "moduleName": "",
        "category": "",
        "taskRunReasons": [],
        "parent": "6f1fb541-5524-4b54-b694-f61099608c67"
      },
      "log": {
        "_logger": {
          "category": "DurationEvent",
          "context": {},
          "callStackSkipIndex": 0
        },
        "_filelogger": {
          "category": "debug-file",
          "context": {},
          "callStackSkipIndex": 0
        },
        "anonymizeFileLogger": {
          "fileLogger": {
            "category": "debug-file",
            "context": {},
            "callStackSkipIndex": 0
          }
        }
      }
    },
    {
      "head": {
        "id": "ce37f976-00a3-40c9-87db-b8db164fca2d",
        "name": "init configuration",
        "description": "",
        "type": "log"
      },
      "body": {
        "pid": 51489,
        "tid": "Main Thread",
        "startTime": 4979463535735291,
        "endTime": 4979463535746625
      },
      "additional": {
        "logType": "info",
        "children": [],
        "durationId": "083dfd9b-24f7-4dad-b39f-4e3ca2d7bc5e"
      }
    },
    {
      "head": {
        "id": "eaa8bc62-e7ad-4545-8305-3c44758b8f75",
        "name": "configure project task",
        "description": "",
        "type": "log"
      },
      "body": {
        "pid": 51489,
        "tid": "Main Thread",
        "startTime": 4979463535765791,
        "endTime": 4979463536297958
      },
      "additional": {
        "logType": "info",
        "children": [],
        "durationId": "a067b4e2-30c3-4e73-885a-4cfbd9fc336b"
      }
    },
    {
      "head": {
        "id": "3956b42d-bcdb-4806-bcdb-6d4f017ab171",
        "name": "\"beforeNodeEvaluate\" hook function",
        "description": "",
        "type": "duration"
      },
      "body": {
        "pid": 51489,
        "tid": "Main Thread",
        "startTime": 4979463536578500,
        "endTime": 4979463536597416
      },
      "additional": {
        "children": [],
        "state": "success",
        "targetName": "",
        "moduleName": "",
        "category": "",
        "taskRunReasons": [],
        "parent": "88c94019-0642-412b-afd9-609acb9f6a6b",
        "logId": "0e8d4896-a947-46b2-b0f3-7ee1d506cb98"
      },
      "log": {
        "_logger": {
          "category": "DurationEvent",
          "context": {},
          "callStackSkipIndex": 0
        },
        "_filelogger": {
          "category": "debug-file",
          "context": {},
          "callStackSkipIndex": 0
        },
        "anonymizeFileLogger": {
          "fileLogger": {
            "category": "debug-file",
            "context": {},
            "callStackSkipIndex": 0
          }
        }
      }
    },
    {
      "head": {
        "id": "0e8d4896-a947-46b2-b0f3-7ee1d506cb98",
        "name": "\"beforeNodeEvaluate\" hook function",
        "description": "",
        "type": "log"
      },
      "body": {
        "pid": 51489,
        "tid": "Main Thread",
        "startTime": 4979463536578500,
        "endTime": 4979463536597416
      },
      "additional": {
        "logType": "info",
        "children": [],
        "durationId": "3956b42d-bcdb-4806-bcdb-6d4f017ab171"
      }
    },
    {
      "head": {
        "id": "65d92e8c-12ac-4ed3-bf09-68aaf1f71aae",
        "name": "eval hvigorfile",
        "description": "Evaluate hvigorfile.",
        "type": "duration"
      },
      "body": {
        "pid": 51489,
        "tid": "Main Thread",
        "startTime": 4979463536776958
      },
      "additional": {
        "children": [
          "c08e2a82-3ac3-4b8d-87fe-f2f6e98b84bd",
          "360a189d-d4e0-43a2-94fc-698995d05de1"
        ],
        "state": "running",
        "targetName": "",
        "moduleName": "",
        "category": "",
        "taskRunReasons": [],
        "parent": "88c94019-0642-412b-afd9-609acb9f6a6b"
      },
      "log": {
        "_logger": {
          "category": "DurationEvent",
          "context": {},
          "callStackSkipIndex": 0
        },
        "_filelogger": {
          "category": "debug-file",
          "context": {},
          "callStackSkipIndex": 0
        },
        "anonymizeFileLogger": {
          "fileLogger": {
            "category": "debug-file",
            "context": {},
            "callStackSkipIndex": 0
          }
        }
      }
    },
    {
      "head": {
        "id": "c08e2a82-3ac3-4b8d-87fe-f2f6e98b84bd",
        "name": "require hvigorfile",
        "description": "Require hvigorfile.",
        "type": "duration"
      },
      "body": {
        "pid": 51489,
        "tid": "Main Thread",
        "startTime": 4979463536777625
      },
      "additional": {
        "children": [],
        "state": "running",
        "targetName": "",
        "moduleName": "",
        "category": "",
        "taskRunReasons": [],
        "parent": "65d92e8c-12ac-4ed3-bf09-68aaf1f71aae"
      },
      "log": {
        "_logger": {
          "category": "DurationEvent",
          "context": {},
          "callStackSkipIndex": 0
        },
        "_filelogger": {
          "category": "debug-file",
          "context": {},
          "callStackSkipIndex": 0
        },
        "anonymizeFileLogger": {
          "fileLogger": {
            "category": "debug-file",
            "context": {},
            "callStackSkipIndex": 0
          }
        }
      }
    },
    {
      "head": {
        "id": "b67e1a29-a38e-441b-97e1-bf43fbeda24b",
        "name": "hvigorfile, resolving /Users/z/HarmonyOS-DrawingNote/hvigorfile.ts",
        "description": "",
        "type": "log"
      },
      "body": {
        "pid": 51489,
        "tid": "Main Thread",
        "startTime": 4979463536780541
      },
      "additional": {
        "logType": "debug",
        "children": []
      }
    },
    {
      "head": {
        "id": "cd5752d2-0932-4c91-9553-a70068278b0c",
        "name": "hvigor build process will be closed with an error.",
        "description": "",
        "type": "log"
      },
      "body": {
        "pid": 51489,
        "tid": "Main Thread",
        "startTime": 4979464664612750
      },
      "additional": {
        "logType": "debug",
        "children": []
      }
    },
    {
      "head": {
        "id": "d9199861-0ffa-48e7-b4b2-b2e1c2d82679",
        "name": "\u001b[31m00302037 Script Error\nError Message: Failed to load or execute hvigorfile.ts: hvigor_ohos_plugin_1.HspDependencyConfig is not a constructor \nAt file: /Users/z/HarmonyOS-DrawingNote/hvigorfile.ts\n\n* Try the following:\n  > Check whether the content of the hvigorfile.ts is correct.\n  > Set the stacktrace field in the hvigor-config.json5 file to true and check the stack information.\n\u001b[39m\n\n\u001b[31m* Try:\n> Run with --stacktrace option to get the stack trace.\n> Run with --debug option to get more log output.\n",
        "description": "",
        "type": "log"
      },
      "body": {
        "pid": 51489,
        "tid": "Main Thread",
        "startTime": 4979464664775458
      },
      "additional": {
        "logType": "error",
        "children": []
      }
    },
    {
      "head": {
        "id": "bd7fdefb-cc08-46db-8713-b019fde0c14b",
        "name": "ERROR: stacktrace = TypeError: hvigor_ohos_plugin_1.HspDependencyConfig is not a constructor\n    at Object.<anonymous> (/Users/z/HarmonyOS-DrawingNote/hvigorfile.ts:8:23)\n    at Module._compile (node:internal/modules/cjs/loader:1364:14)\n    at Object.extensionHandler (/Applications/DevEco-Studio.app/Contents/tools/hvigor/hvigor/src/base/boot/hooks/require-hook.js:1:1594)\n    at Module.load (node:internal/modules/cjs/loader:1203:32)\n    at Module._load (node:internal/modules/cjs/loader:1019:12)\n    at Module.require (node:internal/modules/cjs/loader:1231:19)\n    at require (node:internal/modules/helpers:177:18)\n    at evaluateNodeVigorFile (/Applications/DevEco-Studio.app/Contents/tools/hvigor/hvigor/src/base/internal/lifecycle/configuration.js:1:8718)\n    at evalProject (/Applications/DevEco-Studio.app/Contents/tools/hvigor/hvigor/src/base/internal/lifecycle/configuration.js:1:3542)\n    at process.processTicksAndRejections (node:internal/process/task_queues:95:5)",
        "description": "",
        "type": "log"
      },
      "body": {
        "pid": 51489,
        "tid": "Main Thread",
        "startTime": 4979464664889625
      },
      "additional": {
        "logType": "debug",
        "children": []
      }
    },
    {
      "head": {
        "id": "98da7484-b573-44b8-a154-4d2fe162ed99",
        "name": "\"buildFinished\" hook function",
        "description": "",
        "type": "duration"
      },
      "body": {
        "pid": 51489,
        "tid": "Main Thread",
        "startTime": 4979464665612291,
        "endTime": 4979464665692041
      },
      "additional": {
        "children": [],
        "state": "success",
        "targetName": "",
        "moduleName": "",
        "category": "",
        "taskRunReasons": [],
        "parent": "08256ff8-73d5-4612-9da7-b77562dcee53",
        "logId": "fa2df29f-9fb6-4f28-b43a-0c43b846387e"
      },
      "log": {
        "_logger": {
          "category": "DurationEvent",
          "context": {},
          "callStackSkipIndex": 0
        },
        "_filelogger": {
          "category": "debug-file",
          "context": {},
          "callStackSkipIndex": 0
        },
        "anonymizeFileLogger": {
          "fileLogger": {
            "category": "debug-file",
            "context": {},
            "callStackSkipIndex": 0
          }
        }
      }
    },
    {
      "head": {
        "id": "fa2df29f-9fb6-4f28-b43a-0c43b846387e",
        "name": "\"buildFinished\" hook function",
        "description": "",
        "type": "log"
      },
      "body": {
        "pid": 51489,
        "tid": "Main Thread",
        "startTime": 4979464665612291,
        "endTime": 4979464665692041
      },
      "additional": {
        "logType": "info",
        "children": [],
        "durationId": "98da7484-b573-44b8-a154-4d2fe162ed99"
      }
    },
    {
      "head": {
        "id": "b28a9269-80a1-40f7-9c88-6f6ec401f056",
        "name": "clean",
        "description": "",
        "type": "mark"
      },
      "body": {
        "pid": 51489,
        "tid": "Main Thread",
        "startTime": 4979463527981208,
        "endTime": 4979464666260541
      },
      "additional": {
        "time": {
          "year": 2025,
          "month": 12,
          "day": 4,
          "hour": 13,
          "minute": 46,
          "second": 54
        },
        "completeCommand": "{\"prop\":[\"product=default\"],\"parallel\":true,\"incremental\":true,\"daemon\":true,\"_\":[\"clean\"],\"analyze\":\"normal\"};clean",
        "hvigorVersion": "6.21.0",
        "markType": "history",
        "nodeVersion": "v18.20.1",
        "category": "clean",
        "state": "failed"
      }
    },
    {
      "head": {
        "id": "0f6de534-c831-4aa4-aff7-083431f195ae",
        "name": "BUILD FAILED in 1 s 138 ms ",
        "description": "",
        "type": "log"
      },
      "body": {
        "pid": 51489,
        "tid": "Main Thread",
        "startTime": 4979464666322916
      },
      "additional": {
        "logType": "error",
        "children": []
      }
    }
  ]
}