{
  "version": "2.0",
  "ppid": 39630,
  "events": [
    {
      "head": {
        "id": "a3b00124-d702-442d-8a7e-b27fd8b8be1b",
        "name": "watch worker: worker id should be larger than 0. Nothing will be sent to any worker thread.",
        "description": "",
        "type": "log"
      },
      "body": {
        "pid": 39645,
        "tid": "Main Thread",
        "startTime": 4926782640821583
      },
      "additional": {
        "logType": "debug",
        "children": []
      }
    },
    {
      "head": {
        "id": "c982fea7-5f17-40a2-8f5a-a4f3c89a4a8b",
        "name": "init",
        "description": "Initialize and build task graph.",
        "type": "duration"
      },
      "body": {
        "pid": 39645,
        "tid": "Main Thread",
        "startTime": 4926782645447833
      },
      "additional": {
        "children": [
          "76a55cfa-c436-443d-b5c7-4ddc9d0abbc9",
          "474b514e-ed89-4e7b-a147-6fd4fcdbb608",
          "15f7d6cb-bdd6-4d16-8e64-82dc38a3842c",
          "f516000c-2c0a-4988-add9-a7ad63693f1a",
          "d2be286a-d180-4449-ae9c-d67dc956dea7",
          "92b7b7a8-92a7-4366-9861-e8e9f421c2d8"
        ],
        "state": "running",
        "targetName": "",
        "moduleName": "",
        "category": "Init",
        "taskRunReasons": []
      },
      "log": {
        "_logger": {
          "category": "DurationEvent",
          "context": {},
          "callStackSkipIndex": 0
        },
        "_filelogger": {
          "category": "debug-file",
          "context": {},
          "callStackSkipIndex": 0
        },
        "anonymizeFileLogger": {
          "fileLogger": {
            "category": "debug-file",
            "context": {},
            "callStackSkipIndex": 0
          }
        }
      }
    },
    {
      "head": {
        "id": "76a55cfa-c436-443d-b5c7-4ddc9d0abbc9",
        "name": "create hvigor project model",
        "description": "Initialize hvigor project model.",
        "type": "duration"
      },
      "body": {
        "pid": 39645,
        "tid": "Main Thread",
        "startTime": 4926782645450166,
        "endTime": 4926782651821166
      },
      "additional": {
        "children": [],
        "state": "success",
        "targetName": "",
        "moduleName": "",
        "category": "",
        "taskRunReasons": [],
        "parent": "c982fea7-5f17-40a2-8f5a-a4f3c89a4a8b",
        "logId": "6a5d619f-5a16-43cf-b069-5f36bc02f097"
      },
      "log": {
        "_logger": {
          "category": "DurationEvent",
          "context": {},
          "callStackSkipIndex": 0
        },
        "_filelogger": {
          "category": "debug-file",
          "context": {},
          "callStackSkipIndex": 0
        },
        "anonymizeFileLogger": {
          "fileLogger": {
            "category": "debug-file",
            "context": {},
            "callStackSkipIndex": 0
          }
        }
      }
    },
    {
      "head": {
        "id": "474b514e-ed89-4e7b-a147-6fd4fcdbb608",
        "name": "configure hvigor plugin",
        "description": "Configure hvigor plugin.",
        "type": "duration"
      },
      "body": {
        "pid": 39645,
        "tid": "Main Thread",
        "startTime": 4926782651971541
      },
      "additional": {
        "children": [
          "1b223c99-4e75-4194-a5a3-4de02503ec9b",
          "b4ef2f32-cb79-4b7f-8ddc-4a81ac3b20f6",
          "1d3de3a4-33c2-4675-ac7e-7e3224830691",
          "026c2e1e-eb5f-4a86-9cc8-66942e89e400",
          "9f153985-863c-48af-b8f8-1225b076bcd9",
          "f492ed46-971d-46e4-978b-ab9b3fde06c1",
          "049468e9-65f9-4a59-acdc-e15992ad36b7",
          "8da76c57-d7a4-4c93-baa8-9d582e5c38c9"
        ],
        "state": "running",
        "targetName": "",
        "moduleName": "",
        "category": "",
        "taskRunReasons": [],
        "parent": "c982fea7-5f17-40a2-8f5a-a4f3c89a4a8b"
      },
      "log": {
        "_logger": {
          "category": "DurationEvent",
          "context": {},
          "callStackSkipIndex": 0
        },
        "_filelogger": {
          "category": "debug-file",
          "context": {},
          "callStackSkipIndex": 0
        },
        "anonymizeFileLogger": {
          "fileLogger": {
            "category": "debug-file",
            "context": {},
            "callStackSkipIndex": 0
          }
        }
      }
    },
    {
      "head": {
        "id": "d2be286a-d180-4449-ae9c-d67dc956dea7",
        "name": "\"configEvaluated\" hook function",
        "description": "",
        "type": "duration"
      },
      "body": {
        "pid": 39645,
        "tid": "Main Thread",
        "startTime": 4926782648461416,
        "endTime": 4926782648651000
      },
      "additional": {
        "children": [],
        "state": "success",
        "targetName": "",
        "moduleName": "",
        "category": "",
        "taskRunReasons": [],
        "parent": "c982fea7-5f17-40a2-8f5a-a4f3c89a4a8b",
        "logId": "aa62a62b-98ab-4ad4-90bb-2695918b8233"
      },
      "log": {
        "_logger": {
          "category": "DurationEvent",
          "context": {},
          "callStackSkipIndex": 0
        },
        "_filelogger": {
          "category": "debug-file",
          "context": {},
          "callStackSkipIndex": 0
        },
        "anonymizeFileLogger": {
          "fileLogger": {
            "category": "debug-file",
            "context": {},
            "callStackSkipIndex": 0
          }
        }
      }
    },
    {
      "head": {
        "id": "aa62a62b-98ab-4ad4-90bb-2695918b8233",
        "name": "\"configEvaluated\" hook function",
        "description": "",
        "type": "log"
      },
      "body": {
        "pid": 39645,
        "tid": "Main Thread",
        "startTime": 4926782648461416,
        "endTime": 4926782648651000
      },
      "additional": {
        "logType": "info",
        "children": [],
        "durationId": "d2be286a-d180-4449-ae9c-d67dc956dea7"
      }
    },
    {
      "head": {
        "id": "92b7b7a8-92a7-4366-9861-e8e9f421c2d8",
        "name": "\"nodesInitialized\" hook function",
        "description": "",
        "type": "duration"
      },
      "body": {
        "pid": 39645,
        "tid": "Main Thread",
        "startTime": 4926782649753625,
        "endTime": 4926782649777875
      },
      "additional": {
        "children": [],
        "state": "success",
        "targetName": "",
        "moduleName": "",
        "category": "",
        "taskRunReasons": [],
        "parent": "c982fea7-5f17-40a2-8f5a-a4f3c89a4a8b",
        "logId": "9c1cb813-0e17-41a8-8cfc-5126958f9b6a"
      },
      "log": {
        "_logger": {
          "category": "DurationEvent",
          "context": {},
          "callStackSkipIndex": 0
        },
        "_filelogger": {
          "category": "debug-file",
          "context": {},
          "callStackSkipIndex": 0
        },
        "anonymizeFileLogger": {
          "fileLogger": {
            "category": "debug-file",
            "context": {},
            "callStackSkipIndex": 0
          }
        }
      }
    },
    {
      "head": {
        "id": "9c1cb813-0e17-41a8-8cfc-5126958f9b6a",
        "name": "\"nodesInitialized\" hook function",
        "description": "",
        "type": "log"
      },
      "body": {
        "pid": 39645,
        "tid": "Main Thread",
        "startTime": 4926782649753625,
        "endTime": 4926782649777875
      },
      "additional": {
        "logType": "info",
        "children": [],
        "durationId": "92b7b7a8-92a7-4366-9861-e8e9f421c2d8"
      }
    },
    {
      "head": {
        "id": "6071dfb4-acc0-411a-a98c-307658c85591",
        "name": "Hvigor init with startParameters:{\n  hvigorfileTypeCheck: false,\n  parallelExecution: true,\n  incrementalExecution: true,\n  printStackTrace: false,\n  daemon: true,\n  analyze: 0,\n  logLevel: Level { level: 20000, levelStr: 'INFO', colour: 'green' },\n  optimizationStrategy: 'memory',\n  hotCompile: undefined,\n  hotReloadBuild: undefined\n}",
        "description": "",
        "type": "log"
      },
      "body": {
        "pid": 39645,
        "tid": "Main Thread",
        "startTime": 4926782650288166
      },
      "additional": {
        "logType": "debug",
        "children": []
      }
    },
    {
      "head": {
        "id": "8a31be56-55f1-418d-a624-dc325bfc44a9",
        "name": "Since current hvigor version 6.21.0 differs from last hvigor version \n      undefined, delete file-cache.json and task-cache.json.",
        "description": "",
        "type": "log"
      },
      "body": {
        "pid": 39645,
        "tid": "Main Thread",
        "startTime": 4926782650682833
      },
      "additional": {
        "logType": "debug",
        "children": []
      }
    },
    {
      "head": {
        "id": "35cf6a2e-3d80-498c-a4d9-478962d87c4e",
        "name": "Cache service initialization finished in 2 ms ",
        "description": "",
        "type": "log"
      },
      "body": {
        "pid": 39645,
        "tid": "Main Thread",
        "startTime": 4926782651764875
      },
      "additional": {
        "logType": "debug",
        "children": []
      }
    },
    {
      "head": {
        "id": "6a5d619f-5a16-43cf-b069-5f36bc02f097",
        "name": "create hvigor project model",
        "description": "",
        "type": "log"
      },
      "body": {
        "pid": 39645,
        "tid": "Main Thread",
        "startTime": 4926782645450166,
        "endTime": 4926782651821166
      },
      "additional": {
        "logType": "info",
        "children": [],
        "durationId": "76a55cfa-c436-443d-b5c7-4ddc9d0abbc9"
      }
    },
    {
      "head": {
        "id": "1b223c99-4e75-4194-a5a3-4de02503ec9b",
        "name": "init configuration",
        "description": "Initialize configuration.",
        "type": "duration"
      },
      "body": {
        "pid": 39645,
        "tid": "Main Thread",
        "startTime": 4926782652134541,
        "endTime": 4926782652147125
      },
      "additional": {
        "children": [],
        "state": "success",
        "targetName": "",
        "moduleName": "",
        "category": "",
        "taskRunReasons": [],
        "parent": "474b514e-ed89-4e7b-a147-6fd4fcdbb608",
        "logId": "54720f48-cbd7-4f8c-bb68-a4c6bde264ef"
      },
      "log": {
        "_logger": {
          "category": "DurationEvent",
          "context": {},
          "callStackSkipIndex": 0
        },
        "_filelogger": {
          "category": "debug-file",
          "context": {},
          "callStackSkipIndex": 0
        },
        "anonymizeFileLogger": {
          "fileLogger": {
            "category": "debug-file",
            "context": {},
            "callStackSkipIndex": 0
          }
        }
      }
    },
    {
      "head": {
        "id": "b4ef2f32-cb79-4b7f-8ddc-4a81ac3b20f6",
        "name": "configure project task",
        "description": "Configure project task.",
        "type": "duration"
      },
      "body": {
        "pid": 39645,
        "tid": "Main Thread",
        "startTime": 4926782652166291,
        "endTime": 4926782652917666
      },
      "additional": {
        "children": [],
        "state": "success",
        "targetName": "",
        "moduleName": "",
        "category": "",
        "taskRunReasons": [],
        "parent": "474b514e-ed89-4e7b-a147-6fd4fcdbb608",
        "logId": "28f37a70-d752-40fa-8ea3-be0267a79636"
      },
      "log": {
        "_logger": {
          "category": "DurationEvent",
          "context": {},
          "callStackSkipIndex": 0
        },
        "_filelogger": {
          "category": "debug-file",
          "context": {},
          "callStackSkipIndex": 0
        },
        "anonymizeFileLogger": {
          "fileLogger": {
            "category": "debug-file",
            "context": {},
            "callStackSkipIndex": 0
          }
        }
      }
    },
    {
      "head": {
        "id": "1d3de3a4-33c2-4675-ac7e-7e3224830691",
        "name": "eval project",
        "description": "Evaluate project.",
        "type": "duration"
      },
      "body": {
        "pid": 39645,
        "tid": "Main Thread",
        "startTime": 4926782652983416
      },
      "additional": {
        "children": [
          "20ebcf2d-49ad-428d-8d91-cd239ced2095",
          "506a02d7-aea1-435e-8381-6caa533f7aa4"
        ],
        "state": "running",
        "targetName": "",
        "moduleName": "",
        "category": "",
        "taskRunReasons": [],
        "parent": "474b514e-ed89-4e7b-a147-6fd4fcdbb608"
      },
      "log": {
        "_logger": {
          "category": "DurationEvent",
          "context": {},
          "callStackSkipIndex": 0
        },
        "_filelogger": {
          "category": "debug-file",
          "context": {},
          "callStackSkipIndex": 0
        },
        "anonymizeFileLogger": {
          "fileLogger": {
            "category": "debug-file",
            "context": {},
            "callStackSkipIndex": 0
          }
        }
      }
    },
    {
      "head": {
        "id": "54720f48-cbd7-4f8c-bb68-a4c6bde264ef",
        "name": "init configuration",
        "description": "",
        "type": "log"
      },
      "body": {
        "pid": 39645,
        "tid": "Main Thread",
        "startTime": 4926782652134541,
        "endTime": 4926782652147125
      },
      "additional": {
        "logType": "info",
        "children": [],
        "durationId": "1b223c99-4e75-4194-a5a3-4de02503ec9b"
      }
    },
    {
      "head": {
        "id": "28f37a70-d752-40fa-8ea3-be0267a79636",
        "name": "configure project task",
        "description": "",
        "type": "log"
      },
      "body": {
        "pid": 39645,
        "tid": "Main Thread",
        "startTime": 4926782652166291,
        "endTime": 4926782652917666
      },
      "additional": {
        "logType": "info",
        "children": [],
        "durationId": "b4ef2f32-cb79-4b7f-8ddc-4a81ac3b20f6"
      }
    },
    {
      "head": {
        "id": "20ebcf2d-49ad-428d-8d91-cd239ced2095",
        "name": "\"beforeNodeEvaluate\" hook function",
        "description": "",
        "type": "duration"
      },
      "body": {
        "pid": 39645,
        "tid": "Main Thread",
        "startTime": 4926782653102375,
        "endTime": 4926782653120791
      },
      "additional": {
        "children": [],
        "state": "success",
        "targetName": "",
        "moduleName": "",
        "category": "",
        "taskRunReasons": [],
        "parent": "1d3de3a4-33c2-4675-ac7e-7e3224830691",
        "logId": "faaac938-2220-4ce8-9a40-dcccf1b8ee2e"
      },
      "log": {
        "_logger": {
          "category": "DurationEvent",
          "context": {},
          "callStackSkipIndex": 0
        },
        "_filelogger": {
          "category": "debug-file",
          "context": {},
          "callStackSkipIndex": 0
        },
        "anonymizeFileLogger": {
          "fileLogger": {
            "category": "debug-file",
            "context": {},
            "callStackSkipIndex": 0
          }
        }
      }
    },
    {
      "head": {
        "id": "faaac938-2220-4ce8-9a40-dcccf1b8ee2e",
        "name": "\"beforeNodeEvaluate\" hook function",
        "description": "",
        "type": "log"
      },
      "body": {
        "pid": 39645,
        "tid": "Main Thread",
        "startTime": 4926782653102375,
        "endTime": 4926782653120791
      },
      "additional": {
        "logType": "info",
        "children": [],
        "durationId": "20ebcf2d-49ad-428d-8d91-cd239ced2095"
      }
    },
    {
      "head": {
        "id": "506a02d7-aea1-435e-8381-6caa533f7aa4",
        "name": "eval hvigorfile",
        "description": "Evaluate hvigorfile.",
        "type": "duration"
      },
      "body": {
        "pid": 39645,
        "tid": "Main Thread",
        "startTime": 4926782653320500
      },
      "additional": {
        "children": [
          "7369684a-516a-4def-8eee-2d58708877e9",
          "0f79f802-f2e8-4ad3-adb4-219e25076dce"
        ],
        "state": "running",
        "targetName": "",
        "moduleName": "",
        "category": "",
        "taskRunReasons": [],
        "parent": "1d3de3a4-33c2-4675-ac7e-7e3224830691"
      },
      "log": {
        "_logger": {
          "category": "DurationEvent",
          "context": {},
          "callStackSkipIndex": 0
        },
        "_filelogger": {
          "category": "debug-file",
          "context": {},
          "callStackSkipIndex": 0
        },
        "anonymizeFileLogger": {
          "fileLogger": {
            "category": "debug-file",
            "context": {},
            "callStackSkipIndex": 0
          }
        }
      }
    },
    {
      "head": {
        "id": "7369684a-516a-4def-8eee-2d58708877e9",
        "name": "require hvigorfile",
        "description": "Require hvigorfile.",
        "type": "duration"
      },
      "body": {
        "pid": 39645,
        "tid": "Main Thread",
        "startTime": 4926782653321208
      },
      "additional": {
        "children": [],
        "state": "running",
        "targetName": "",
        "moduleName": "",
        "category": "",
        "taskRunReasons": [],
        "parent": "506a02d7-aea1-435e-8381-6caa533f7aa4"
      },
      "log": {
        "_logger": {
          "category": "DurationEvent",
          "context": {},
          "callStackSkipIndex": 0
        },
        "_filelogger": {
          "category": "debug-file",
          "context": {},
          "callStackSkipIndex": 0
        },
        "anonymizeFileLogger": {
          "fileLogger": {
            "category": "debug-file",
            "context": {},
            "callStackSkipIndex": 0
          }
        }
      }
    },
    {
      "head": {
        "id": "6b4664aa-cbe3-4e76-bad8-2975d0bb6ea7",
        "name": "hvigorfile, resolving /Users/z/HarmonyOS-DrawingNote/hvigorfile.ts",
        "description": "",
        "type": "log"
      },
      "body": {
        "pid": 39645,
        "tid": "Main Thread",
        "startTime": 4926782653324333
      },
      "additional": {
        "logType": "debug",
        "children": []
      }
    },
    {
      "head": {
        "id": "e9a23360-bd54-4ff8-a704-e9624f5a83aa",
        "name": "hvigor build process will be closed with an error.",
        "description": "",
        "type": "log"
      },
      "body": {
        "pid": 39645,
        "tid": "Main Thread",
        "startTime": 4926783803555416
      },
      "additional": {
        "logType": "debug",
        "children": []
      }
    },
    {
      "head": {
        "id": "6e338042-fcad-4b7c-acce-d984e45f346b",
        "name": "\u001b[31m00302037 Script Error\nError Message: Failed to load or execute hvigorfile.ts: hvigor_ohos_plugin_1.HspDependencyConfig is not a constructor \nAt file: /Users/z/HarmonyOS-DrawingNote/hvigorfile.ts\n\n* Try the following:\n  > Check whether the content of the hvigorfile.ts is correct.\n  > Set the stacktrace field in the hvigor-config.json5 file to true and check the stack information.\n\u001b[39m\n\n\u001b[31m* Try:\n> Run with --stacktrace option to get the stack trace.\n> Run with --debug option to get more log output.\n",
        "description": "",
        "type": "log"
      },
      "body": {
        "pid": 39645,
        "tid": "Main Thread",
        "startTime": 4926783803727875
      },
      "additional": {
        "logType": "error",
        "children": []
      }
    },
    {
      "head": {
        "id": "bfe54b44-dc0c-40c6-aec4-b04060bcdd0f",
        "name": "ERROR: stacktrace = TypeError: hvigor_ohos_plugin_1.HspDependencyConfig is not a constructor\n    at Object.<anonymous> (/Users/z/HarmonyOS-DrawingNote/hvigorfile.ts:8:23)\n    at Module._compile (node:internal/modules/cjs/loader:1364:14)\n    at Object.extensionHandler (/Applications/DevEco-Studio.app/Contents/tools/hvigor/hvigor/src/base/boot/hooks/require-hook.js:1:1594)\n    at Module.load (node:internal/modules/cjs/loader:1203:32)\n    at Module._load (node:internal/modules/cjs/loader:1019:12)\n    at Module.require (node:internal/modules/cjs/loader:1231:19)\n    at require (node:internal/modules/helpers:177:18)\n    at evaluateNodeVigorFile (/Applications/DevEco-Studio.app/Contents/tools/hvigor/hvigor/src/base/internal/lifecycle/configuration.js:1:8718)\n    at evalProject (/Applications/DevEco-Studio.app/Contents/tools/hvigor/hvigor/src/base/internal/lifecycle/configuration.js:1:3542)\n    at process.processTicksAndRejections (node:internal/process/task_queues:95:5)",
        "description": "",
        "type": "log"
      },
      "body": {
        "pid": 39645,
        "tid": "Main Thread",
        "startTime": 4926783803842125
      },
      "additional": {
        "logType": "debug",
        "children": []
      }
    },
    {
      "head": {
        "id": "b3880205-53e8-4b16-ba90-4bea7d7c3c1d",
        "name": "\"buildFinished\" hook function",
        "description": "",
        "type": "duration"
      },
      "body": {
        "pid": 39645,
        "tid": "Main Thread",
        "startTime": 4926783804441000,
        "endTime": 4926783804518416
      },
      "additional": {
        "children": [],
        "state": "success",
        "targetName": "",
        "moduleName": "",
        "category": "",
        "taskRunReasons": [],
        "parent": "56c6272c-0041-42a3-9a39-188a32f311f6",
        "logId": "356351d6-ba74-4315-8319-7b5d5ee42cb6"
      },
      "log": {
        "_logger": {
          "category": "DurationEvent",
          "context": {},
          "callStackSkipIndex": 0
        },
        "_filelogger": {
          "category": "debug-file",
          "context": {},
          "callStackSkipIndex": 0
        },
        "anonymizeFileLogger": {
          "fileLogger": {
            "category": "debug-file",
            "context": {},
            "callStackSkipIndex": 0
          }
        }
      }
    },
    {
      "head": {
        "id": "356351d6-ba74-4315-8319-7b5d5ee42cb6",
        "name": "\"buildFinished\" hook function",
        "description": "",
        "type": "log"
      },
      "body": {
        "pid": 39645,
        "tid": "Main Thread",
        "startTime": 4926783804441000,
        "endTime": 4926783804518416
      },
      "additional": {
        "logType": "info",
        "children": [],
        "durationId": "b3880205-53e8-4b16-ba90-4bea7d7c3c1d"
      }
    },
    {
      "head": {
        "id": "3d6d8d43-7b37-4ded-8303-fb81f7b64630",
        "name": "",
        "description": "",
        "type": "mark"
      },
      "body": {
        "pid": 39645,
        "tid": "Main Thread",
        "startTime": 4926782644994500,
        "endTime": 4926783804923708
      },
      "additional": {
        "time": {
          "year": 2025,
          "month": 12,
          "day": 3,
          "hour": 23,
          "minute": 8,
          "second": 54
        },
        "completeCommand": "{\"completeCommand\":\"--daemon\",\"_\":[],\"daemon\":true};--daemon",
        "hvigorVersion": "6.21.0",
        "markType": "history",
        "nodeVersion": "v18.20.1",
        "category": "build",
        "state": "failed"
      }
    },
    {
      "head": {
        "id": "607ed4f5-4c19-429a-b538-4aacd49d0700",
        "name": "BUILD FAILED in 1 s 160 ms ",
        "description": "",
        "type": "log"
      },
      "body": {
        "pid": 39645,
        "tid": "Main Thread",
        "startTime": 4926783804988791
      },
      "additional": {
        "logType": "error",
        "children": []
      }
    }
  ]
}